{"mean": [0.0011544588806129364, 0.0012591071833119405, 0.0007691979970613039, 0.0018705324206961594, 0.0034995816802694734, 0.0045678635962325955, 0.011947658652380469, 0.013733894124097885, 0.014738895552659292, 0.0035695703419949053, 0.0025485203416847923, 0.0013990076032338993, 0.0014450737955677639, 0.0017612303073958168, 0.0023430975842947867, 0.0007323052475919445, 0.0013582491957265142, 0.0021141687314199555, 0.0036849621500975125, 0.0012072353098719934, 0.001077926344449609, -0.00016151237584335342, -0.0032490113381434247, -0.002118649818892675, -0.0012240731618516588, -0.0018183291996052742, -0.0016299178513458112, 0.0028455577078599593, 0.0020920194597049556, 0.0020933840491510836, 0.0015428659808049527, 0.0022285686515234084, 0.001532498716597589, -0.0013388484138533241, -0.0012630436803938716, 0.00018280560065537022, -0.004954026881818884, 0.0011387975400499782, 0.002298127166297431, 0.00046731027435413796, -0.0013448509864001457, -0.0014094618647507572, 0.002469449055188375, 0.0033359666356360196, 0.004676809859631795, 0.0041377066111661235, 0.002960135029492086, 0.0015851359645006036, -0.00011008490049050468, 0.00026960367457269706, -0.00025359338744794345, -0.0011946383653496085, -0.00011929400381718081, -9.608580861757864e-05, 0.0003260594014951512, 0.00046993054173777635, 0.0020130416988840927, 0.001968479069059459, 0.0011111358095980595, -0.0013841182464655087, -0.0031509513769156427, -0.0035706487529567833, -0.00252447158952937, -0.0004325105240391214, 0.0044657150139590495, 0.0032243893778364564, 0.01214300197690193, 0.013052261580561228, 0.011603996958756514, 0.008155288286433022, 0.009362872518728842, 0.007716494810445825, 0.009273746640349807, 0.01043735665148653, 0.008921465635422272, 0.006797808929130615, 0.005239711056010573, -0.0007176125061902128, 0.0005999198156091645, 0.0030432441209940876, 0.005346337960560777, 0.004462176629062708, 0.003323219651216641, 0.004604299807994562, 0.003222439170827837, 0.002864785204811381, 0.0005009247241572845], "std": [0.03335676076330051, 0.033368608479395774, 0.03184577370354471, 0.02999806553213743, 0.02330774433756497, 0.028032639776170744, 0.048809638592948366, 0.050289169433942654, 0.05257303753529332, 0.04010935762010401, 0.04061360196120429, 0.040991622220270967, 0.04117999712997739, 0.04173701984272938, 0.03324939014305945, 0.02835531909824133, 0.028638314044054664, 0.028218807187099623, 0.02551698243332284, 0.024062205556467715, 0.02562467557513454, 0.026054665444139303, 0.026663457182957987, 0.02715043492909062, 0.025705799843078088, 0.022888303886422042, 0.023197913037707758, 0.020250437663459585, 0.022266462957898303, 0.02445115650348485, 0.02482193884187726, 0.025208668753110484, 0.024249075958614336, 0.026553559163808596, 0.029673372287525333, 0.027390216615921316, 0.028959380855725227, 0.028943266004378472, 0.024338776852064217, 0.023541295433060144, 0.021602903072157866, 0.018610425699307542, 0.018766610799060474, 0.018789064047240966, 0.02245369696332914, 0.02244639079915634, 0.02439404924567125, 0.023194922799285426, 0.022429269621514567, 0.020777705142594353, 0.02208265432968392, 0.02887585543806328, 0.03178366845914278, 0.031145844186129652, 0.044576787116236034, 0.04437920501387353, 0.04417623853539582, 0.0439861407431837, 0.03670670427962865, 0.0323562341396352, 0.03345952826027008, 0.03384597018531076, 0.031065904273960453, 0.03018322747988837, 0.03321130408922824, 0.03284429567400873, 0.0436097860557677, 0.04362382792646857, 0.0480456557027827, 0.06677432979950294, 0.05251929016783877, 0.05125340517301612, 0.05011948212133738, 0.05053480650477326, 0.049510653619766885, 0.037744783520487026, 0.04434994249935475, 0.03717786790017424, 0.028448457935561586, 0.020527818765711126, 0.02956605743578544, 0.03071252423288615, 0.03102702376178591, 0.03237789384644363, 0.03671840724242561, 0.040089024385315065, 0.043423479891586333], "shots": 80000}