{"var95": [-0.053998800963762715, -0.05308138244619232, -0.051678201098934305, -0.04777303489219931, -0.03483891908851994, -0.04152313934887158, -0.0688583216315233, -0.06910832557431718, -0.07118856055027678, -0.06265606874510762, -0.06451372036101431, -0.06575891343868094, -0.06612262431345699, -0.06731756892267565, -0.0522032564158227, -0.045862292138475626, -0.045201251372460644, -0.04454499066937831, -0.03842129422083039, -0.03844620786094796, -0.04122559777382354, -0.04320930302364027, -0.04714462939221593, -0.04646898756800413, -0.04384809690789629, -0.03950893638594377, -0.03975181635546935, -0.030481771254081916, -0.03453834832664004, -0.03802343678240794, -0.039245024440433235, -0.03908842878928542, -0.038170393978023305, -0.0452667604833698, -0.04965893992865259, -0.04509176661184604, -0.05306978759098801, -0.046382658869718985, -0.03770972898240118, -0.038238801255857664, -0.036990832206460635, -0.032129441556855855, -0.02842114606797947, -0.027526500340613547, -0.03204999844502621, -0.03286021570253683, -0.037499621727138735, -0.03651077891907546, -0.03678041527115457, -0.034199873028111644, -0.03659828127552259, -0.04890602353340176, -0.052500050734049, -0.05136029049230505, -0.07284374444050212, -0.07294940957181302, -0.07063442766374836, -0.0706364568046244, -0.05905960153395483, -0.054702904273355744, -0.058270980872992074, -0.058890106769183145, -0.053796389726897875, -0.05017009457983997, -0.050018536449654254, -0.050869142338716, -0.06002663416165847, -0.058661250630418944, -0.0677317989049347, -0.10156265424494401, -0.07728782179539201, -0.0766239646328831, -0.07359587735235684, -0.07260798853238261, -0.07263780509127199, -0.055529430577422614, -0.0681629559523178, -0.06173276737521893, -0.04648396134067563, -0.030905186214194764, -0.04286249474588808, -0.046254897274811656, -0.04796383769617938, -0.04850458713376355, -0.056911073233476356, -0.0629136299720516, -0.07097074922089577], "var99": [-0.07655156869261888, -0.0761030496151774, -0.07311838124928072, -0.06806495019828986, -0.05018115513911957, -0.06075605607521914, -0.10220624405210749, -0.1030427733328106, -0.1079800313410894, -0.08965470602908025, -0.09155038685574475, -0.09349046564057419, -0.09399906692758225, -0.09615391698177062, -0.075519346500271, -0.06542966470308205, -0.06436994578451768, -0.06378598396263488, -0.05575871619982718, -0.05509735773664256, -0.05909261507701719, -0.061438894579538286, -0.0654706431203843, -0.06508252149201961, -0.06118546167654127, -0.05503681865607013, -0.055812656889189065, -0.04440794272228525, -0.04926246564816499, -0.054503269934986956, -0.055851607906138995, -0.056243579643271535, -0.05474635499057448, -0.06376154040492833, -0.06999366485580749, -0.06438658761123407, -0.07311869153362945, -0.06625451581804155, -0.054115686771632886, -0.05403434420911557, -0.05189955653306458, -0.04435190283852979, -0.04133385309111883, -0.04061604141939433, -0.04774499216946274, -0.04807960710487638, -0.05412209170269742, -0.05222855414829695, -0.05233865029716367, -0.04820710692662044, -0.0514123970839524, -0.06844838218045438, -0.07493903526553215, -0.07286019860377115, -0.102348312652532, -0.1024761151820581, -0.10011951744149779, -0.10050462608865944, -0.0838216393447996, -0.07632768271177175, -0.08144568755183977, -0.08197622524391525, -0.0751333369088403, -0.07006791833074526, -0.07235845538345133, -0.07262229207521345, -0.08992982229436268, -0.08796793014724014, -0.10031559849224478, -0.14589534461360407, -0.11398786119333157, -0.1100792666035604, -0.1073097016794134, -0.10741228164019419, -0.10525376048261618, -0.0805525185999478, -0.09812766118892101, -0.0872483958435414, -0.06604254355132073, -0.045244017432269766, -0.0633845807545371, -0.06669809304806602, -0.06925217746807973, -0.07057451451563536, -0.08183317451894637, -0.08933292619559624, -0.10086848647244434]}